,generations,method,mutation_rate,total_fitness_invocations,unique_individuals
0,"[497, 554, 552, 798, 750, 374, 674, 384, 422, 320, 584, 412, 302, 655, 387, 389, 365, 426, 500, 469]",basic_population,0.01,981400,9745
1,"[893, 327, 480, 437, 366, 677, 565, 670, 524, 349, 375, 306, 916, 640, 609, 669, 421, 315, 420, 448]",ltee_population,0.01,1040700,7241
2,"[627, 469, 415, 465, 323, 300, 315, 668, 496, 540, 858, 398, 520, 382, 399, 469, 418, 663, 419, 334]",ltee_subpopulations,0.01,947800,7856
3,"[996, 569, 420, 377, 649, 409, 538, 550, 697, 493, 377, 409, 529, 455, 326, 324, 469, 407, 447, 534]",basic_population,0.01,997500,9704
4,"[399, 507, 454, 641, 427, 712, 465, 587, 360, 395, 738, 599, 468, 484, 296, 432, 456, 657, 603, 245]",ltee_population,0.01,992500,7119
5,"[425, 600, 561, 454, 661, 389, 539, 346, 441, 718, 322, 801, 783, 700, 382, 416, 645, 385, 524, 431]",ltee_subpopulations,0.01,1052300,8455
6,"[614, 598, 483, 640, 801, 630, 525, 516, 664, 411, 352, 573, 374, 783, 372, 398, 423, 327, 396, 485]",basic_population,0.01,1036500,10023
7,"[511, 432, 406, 509, 475, 530, 910, 717, 654, 620, 669, 454, 683, 408, 549, 448, 452, 536, 521, 403]",ltee_population,0.01,1088700,8179
8,"[403, 355, 718, 496, 719, 672, 415, 517, 491, 523, 592, 483, 640, 461, 343, 552, 618, 493, 370, 424]",ltee_subpopulations,0.01,1028500,8537
9,"[400, 536, 658, 416, 427, 635, 621, 326, 472, 599, 568, 783, 373, 286, 378, 383, 499, 423, 435, 667]",basic_population,0.01,988500,9651
10,"[526, 608, 510, 342, 340, 496, 411, 724, 473, 417, 455, 994, 373, 614, 467, 762, 659, 403, 396, 592]",ltee_population,0.01,1056200,8285
11,"[487, 453, 478, 602, 554, 477, 575, 618, 636, 591, 540, 492, 516, 380, 374, 502, 488, 404, 455, 565]",ltee_subpopulations,0.01,1018700,8495
12,"[458, 841, 522, 384, 801, 451, 393, 513, 366, 509, 474, 678, 337, 484, 837, 560, 438, 348, 531, 520]",basic_population,0.01,1044500,9897
13,"[611, 457, 368, 367, 343, 532, 520, 510, 488, 534, 424, 391, 391, 475, 334, 487, 416, 316, 459, 449]",ltee_population,0.01,887200,7412
14,"[556, 402, 509, 522, 472, 447, 617, 361, 477, 451, 445, 333, 414, 407, 637, 647, 390, 460, 802, 394]",ltee_subpopulations,0.01,974300,8107
15,"[327, 448, 609, 526, 729, 476, 447, 541, 872, 534, 525, 562, 463, 477, 410, 424, 384, 439, 504, 489]",basic_population,0.01,1018600,9662
16,"[512, 454, 356, 945, 720, 414, 693, 579, 755, 483, 289, 602, 322, 442, 375, 528, 389, 383, 559, 586]",ltee_population,0.01,1038600,7735
17,"[396, 322, 476, 578, 294, 622, 474, 295, 409, 419, 363, 565, 676, 645, 416, 474, 347, 496, 265, 447]",ltee_subpopulations,0.01,897900,7871
18,"[685, 360, 418, 417, 383, 389, 526, 367, 508, 360, 447, 594, 291, 528, 757, 434, 477, 489, 380, 622]",basic_population,0.01,943200,9372
19,"[512, 465, 556, 418, 310, 597, 362, 573, 399, 591, 447, 511, 612, 384, 249, 542, 696, 577, 462, 548]",ltee_population,0.01,981100,7837
20,"[561, 395, 366, 355, 495, 649, 521, 635, 497, 400, 732, 495, 499, 364, 622, 400, 341, 536, 456, 567]",ltee_subpopulations,0.01,988600,8460
21,"[429, 466, 649, 441, 630, 427, 432, 341, 510, 570, 597, 440, 668, 582, 560, 491, 295, 602, 470, 519]",basic_population,0.01,1011900,9931
22,"[482, 536, 486, 756, 326, 430, 446, 544, 454, 525, 335, 499, 395, 438, 416, 358, 573, 508, 617, 580]",ltee_population,0.01,970400,7765
23,"[455, 509, 352, 456, 459, 758, 386, 726, 435, 632, 534, 582, 459, 436, 319, 459, 619, 577, 655, 408]",ltee_subpopulations,0.01,1021600,8464
24,"[401, 673, 450, 838, 476, 414, 440, 696, 532, 420, 540, 336, 414, 403, 423, 342, 399, 465, 442, 328]",basic_population,0.01,943200,9660
25,"[403, 489, 501, 603, 413, 626, 467, 379, 391, 443, 365, 572, 491, 688, 417, 371, 608, 585, 682, 279]",ltee_population,0.01,977300,7390
26,"[477, 355, 431, 783, 525, 490, 462, 768, 582, 555, 462, 505, 515, 464, 427, 506, 835, 523, 384, 489]",ltee_subpopulations,0.01,1053800,8164
27,"[537, 383, 474, 475, 400, 609, 482, 318, 633, 843, 560, 312, 466, 486, 565, 386, 325, 964, 447, 430]",basic_population,0.01,1009500,9919
28,"[617, 516, 361, 420, 816, 682, 369, 943, 479, 430, 628, 666, 428, 297, 505, 499, 573, 396, 430, 403]",ltee_population,0.01,1045800,8064
29,"[428, 434, 478, 517, 515, 484, 400, 328, 349, 454, 461, 506, 443, 454, 308, 478, 498, 464, 704, 378]",ltee_subpopulations,0.01,908100,8022
30,"[405, 547, 567, 407, 594, 528, 537, 577, 360, 424, 506, 665, 812, 545, 494, 666, 432, 739, 982, 534]",basic_population,0.01,1132100,10408
31,"[361, 422, 702, 466, 480, 528, 709, 454, 613, 385, 550, 392, 550, 796, 673, 496, 563, 395, 602, 493]",ltee_population,0.01,1063000,7951
32,"[455, 510, 305, 457, 673, 385, 428, 566, 581, 571, 463, 443, 399, 447, 406, 551, 389, 573, 464, 511]",ltee_subpopulations,0.01,957700,8110
33,"[524, 542, 427, 590, 323, 458, 486, 810, 485, 425, 758, 505, 470, 672, 327, 388, 364, 389, 307, 568]",basic_population,0.01,981800,9697
34,"[744, 595, 331, 711, 496, 427, 318, 457, 504, 316, 494, 477, 427, 537, 272, 506, 454, 441, 526, 472]",ltee_population,0.01,950500,7651
35,"[592, 463, 654, 420, 400, 381, 290, 543, 589, 601, 401, 445, 406, 469, 404, 473, 603, 749, 496, 557]",ltee_subpopulations,0.01,993600,8090
36,"[359, 644, 561, 543, 469, 409, 375, 502, 565, 620, 348, 783, 382, 613, 355, 664, 513, 536, 570, 475]",basic_population,0.01,1028600,9810
37,"[421, 496, 301, 500, 251, 690, 480, 405, 329, 532, 750, 423, 326, 450, 447, 617, 458, 556, 530, 541]",ltee_population,0.01,950300,7342
38,"[423, 598, 487, 998, 323, 531, 432, 475, 378, 429, 420, 516, 439, 461, 539, 488, 641, 491, 670, 502]",ltee_subpopulations,0.01,1024100,8382
39,"[597, 544, 467, 709, 425, 590, 342, 685, 475, 469, 460, 450, 787, 532, 402, 527, 538, 509, 464, 350]",basic_population,0.01,1032200,10154
40,"[481, 486, 409, 442, 379, 532, 546, 335, 360, 526, 389, 532, 375, 431, 560, 589, 620, 348, 433, 961]",ltee_population,0.01,973400,7521
41,"[538, 418, 319, 484, 398, 348, 379, 633, 701, 498, 411, 305, 425, 466, 463, 374, 521, 448, 372, 488]",ltee_subpopulations,0.01,898900,7723
42,"[483, 580, 461, 611, 518, 315, 355, 459, 623, 320, 443, 494, 518, 662, 669, 581, 620, 478, 715, 595]",basic_population,0.01,1050000,10238
43,"[556, 391, 458, 546, 473, 710, 408, 443, 387, 473, 472, 473, 458, 576, 509, 546, 608, 324, 463, 439]",ltee_population,0.01,971300,7634
44,"[684, 305, 608, 367, 538, 439, 550, 496, 522, 749, 545, 628, 515, 456, 557, 449, 550, 301, 889, 486]",ltee_subpopulations,0.01,1063400,8635
45,"[440, 601, 737, 401, 521, 396, 396, 605, 552, 453, 437, 436, 835, 434, 369, 673, 364, 444, 441, 755]",basic_population,0.01,1029000,9760
46,"[478, 443, 459, 672, 493, 467, 425, 485, 440, 353, 435, 394, 476, 313, 348, 600, 700, 544, 530, 490]",ltee_population,0.01,954500,7359
47,"[536, 603, 383, 474, 346, 372, 557, 750, 374, 544, 633, 272, 433, 563, 892, 351, 379, 316, 611, 618]",ltee_subpopulations,0.01,1000700,8061
48,"[500, 481, 333, 454, 408, 360, 318, 472, 416, 786, 554, 395, 804, 525, 522, 511, 468, 487, 478, 516]",basic_population,0.01,978800,9552
49,"[515, 519, 381, 332, 431, 352, 663, 427, 423, 648, 673, 467, 274, 632, 729, 452, 905, 450, 265, 563]",ltee_population,0.01,1010100,7845
50,"[534, 463, 444, 746, 541, 499, 323, 551, 313, 489, 405, 434, 571, 546, 427, 629, 447, 825, 340, 471]",ltee_subpopulations,0.01,999800,8053
51,"[1055, 843, 575, 470, 592, 528, 310, 500, 499, 638, 473, 406, 432, 467, 563, 683, 546, 480, 463, 677]",basic_population,0.01,1120000,9994
52,"[369, 679, 426, 561, 349, 612, 647, 376, 456, 483, 646, 518, 319, 504, 594, 516, 433, 576, 501, 583]",ltee_population,0.01,1014800,7853
53,"[417, 330, 458, 439, 533, 441, 463, 432, 404, 390, 559, 442, 546, 451, 709, 396, 358, 398, 646, 576]",ltee_subpopulations,0.01,938800,7887
54,"[548, 521, 372, 453, 450, 384, 786, 573, 400, 664, 644, 395, 327, 534, 397, 991, 640, 383, 479, 770]",basic_population,0.01,1071100,10005
55,"[525, 490, 391, 499, 394, 438, 277, 611, 371, 342, 705, 366, 441, 719, 357, 837, 635, 518, 396, 458]",ltee_population,0.01,977000,7568
56,"[399, 518, 446, 427, 576, 367, 415, 428, 636, 668, 508, 779, 502, 435, 544, 444, 427, 318, 553, 619]",ltee_subpopulations,0.01,1000900,8384
57,"[641, 575, 907, 460, 567, 727, 517, 420, 372, 471, 288, 1290, 467, 581, 276, 476, 423, 450, 453, 491]",basic_population,0.01,1085200,9831
58,"[530, 415, 344, 357, 450, 430, 465, 393, 453, 306, 463, 435, 713, 550, 560, 920, 383, 372, 456, 507]",ltee_population,0.01,950200,7851
59,"[508, 517, 527, 491, 522, 701, 594, 616, 561, 756, 548, 533, 443, 378, 532, 422, 541, 411, 484, 507]",ltee_subpopulations,0.01,1059200,8457
60,"[430, 272, 209, 238, 238, 225, 350, 342, 362, 215, 251, 219, 248, 216, 275, 258, 288, 350, 275, 497]",basic_population,0.02,575800,10726
61,"[238, 223, 287, 286, 193, 248, 361, 233, 413, 452, 319, 261, 234, 266, 294, 260, 282, 250, 304, 285]",ltee_population,0.02,568900,9156
62,"[290, 232, 387, 233, 256, 231, 273, 442, 298, 352, 237, 267, 313, 332, 261, 264, 360, 295, 201, 206]",ltee_subpopulations,0.02,573000,9578
63,"[268, 352, 276, 274, 310, 213, 630, 271, 266, 274, 220, 210, 398, 184, 355, 349, 317, 263, 275, 235]",basic_population,0.02,594000,11092
64,"[298, 225, 298, 161, 224, 362, 226, 229, 291, 218, 302, 154, 189, 348, 383, 313, 242, 268, 266, 331]",ltee_population,0.02,532800,8119
65,"[279, 456, 309, 196, 354, 217, 237, 559, 259, 295, 300, 552, 306, 332, 278, 339, 227, 363, 236, 301]",ltee_subpopulations,0.02,639500,9496
66,"[208, 228, 382, 350, 244, 263, 362, 428, 233, 379, 249, 253, 320, 251, 215, 238, 212, 318, 331, 203]",basic_population,0.02,566700,10860
67,"[398, 230, 240, 258, 302, 258, 262, 425, 195, 274, 277, 242, 407, 250, 345, 292, 298, 217, 462, 279]",ltee_population,0.02,591100,8884
68,"[279, 308, 289, 241, 184, 296, 235, 277, 194, 209, 258, 383, 402, 219, 271, 243, 281, 354, 349, 303]",ltee_subpopulations,0.02,557500,9649
69,"[183, 259, 367, 213, 270, 261, 250, 245, 305, 309, 364, 257, 259, 212, 282, 380, 286, 278, 231, 232]",basic_population,0.02,544300,11058
70,"[306, 262, 387, 240, 232, 278, 254, 304, 318, 404, 348, 330, 306, 341, 285, 251, 323, 321, 209, 200]",ltee_population,0.02,589900,8920
71,"[327, 228, 225, 289, 220, 273, 206, 294, 248, 265, 308, 340, 241, 478, 279, 290, 314, 324, 281, 301]",ltee_subpopulations,0.02,573100,9638
72,"[228, 299, 340, 262, 419, 311, 321, 384, 252, 315, 289, 311, 302, 472, 268, 313, 281, 252, 157, 401]",basic_population,0.02,617700,11398
73,"[288, 333, 271, 179, 323, 255, 352, 300, 431, 225, 261, 289, 230, 399, 401, 317, 250, 308, 345, 243]",ltee_population,0.02,600000,9261
74,"[269, 305, 404, 190, 337, 208, 202, 292, 230, 240, 203, 332, 297, 227, 368, 233, 284, 266, 271, 342]",ltee_subpopulations,0.02,550000,9197
75,"[238, 340, 331, 250, 241, 343, 244, 286, 232, 374, 186, 382, 274, 267, 209, 266, 345, 354, 229, 303]",basic_population,0.02,569400,10834
76,"[269, 318, 310, 305, 202, 534, 247, 307, 206, 288, 279, 387, 292, 209, 242, 210, 239, 533, 315, 211]",ltee_population,0.02,590300,8782
77,"[421, 228, 214, 296, 246, 294, 260, 254, 437, 289, 274, 297, 246, 229, 323, 364, 280, 263, 360, 299]",ltee_subpopulations,0.02,587400,9659
78,"[362, 216, 352, 518, 302, 275, 205, 265, 374, 250, 290, 219, 336, 317, 171, 293, 254, 346, 305, 235]",basic_population,0.02,588500,10851
79,"[218, 184, 224, 196, 350, 238, 184, 333, 256, 377, 485, 248, 456, 250, 276, 223, 308, 252, 257, 273]",ltee_population,0.02,558800,8755
80,"[363, 318, 218, 233, 265, 329, 238, 205, 174, 235, 162, 317, 541, 283, 223, 337, 229, 235, 312, 270]",ltee_subpopulations,0.02,548700,9136
81,"[404, 330, 268, 230, 229, 275, 309, 289, 192, 379, 264, 267, 274, 349, 408, 271, 171, 189, 227, 202]",basic_population,0.02,552700,10662
82,"[224, 212, 243, 261, 220, 254, 394, 304, 341, 246, 320, 319, 277, 185, 205, 307, 248, 224, 256, 414]",ltee_population,0.02,545400,8954
83,"[315, 263, 272, 230, 485, 348, 422, 402, 226, 504, 184, 231, 212, 359, 208, 339, 296, 283, 409, 446]",ltee_subpopulations,0.02,643400,9803
84,"[228, 260, 312, 462, 255, 367, 230, 217, 155, 271, 218, 392, 181, 247, 270, 288, 330, 278, 425, 254]",basic_population,0.02,564000,10949
85,"[186, 250, 293, 331, 304, 215, 254, 260, 178, 257, 311, 336, 224, 292, 251, 257, 287, 273, 181, 422]",ltee_population,0.02,536200,8595
86,"[331, 333, 429, 362, 442, 350, 297, 245, 275, 208, 278, 230, 271, 329, 260, 277, 260, 296, 212, 256]",ltee_subpopulations,0.02,594100,9568
87,"[281, 268, 239, 288, 387, 250, 285, 248, 278, 481, 271, 731, 235, 244, 252, 445, 323, 345, 217, 342]",basic_population,0.02,641000,11193
88,"[265, 364, 246, 372, 357, 260, 289, 240, 263, 244, 241, 223, 224, 257, 287, 309, 313, 223, 351, 371]",ltee_population,0.02,569900,9028
89,"[249, 253, 193, 281, 359, 252, 277, 383, 254, 367, 210, 228, 266, 414, 245, 408, 340, 350, 215, 263]",ltee_subpopulations,0.02,580700,9376
90,"[311, 305, 212, 721, 304, 267, 302, 298, 213, 345, 233, 180, 436, 254, 318, 344, 224, 257, 235, 326]",basic_population,0.02,608500,10773
91,"[281, 257, 365, 229, 286, 276, 260, 260, 269, 424, 246, 296, 166, 290, 337, 184, 372, 289, 319, 216]",ltee_population,0.02,562200,9005
92,"[252, 265, 345, 392, 256, 201, 314, 199, 392, 336, 252, 355, 297, 318, 285, 385, 312, 211, 227, 356]",ltee_subpopulations,0.02,595000,9439
93,"[308, 410, 241, 241, 323, 249, 528, 330, 354, 302, 338, 208, 332, 279, 390, 342, 360, 220, 401, 247]",basic_population,0.02,640300,11422
94,"[242, 301, 170, 214, 247, 295, 351, 252, 332, 206, 214, 247, 313, 198, 263, 249, 301, 265, 400, 361]",ltee_population,0.02,542100,8754
95,"[263, 274, 239, 237, 303, 260, 419, 303, 274, 264, 356, 239, 180, 302, 279, 238, 233, 218, 267, 320]",ltee_subpopulations,0.02,546800,9280
96,"[227, 318, 231, 209, 284, 237, 221, 253, 256, 252, 419, 293, 265, 249, 367, 215, 285, 306, 289, 282]",basic_population,0.02,545800,10847
97,"[281, 281, 302, 318, 226, 224, 280, 256, 422, 225, 274, 292, 276, 273, 277, 466, 211, 222, 308, 254]",ltee_population,0.02,566800,8995
98,"[289, 254, 250, 209, 216, 311, 326, 397, 303, 218, 362, 261, 255, 240, 329, 265, 204, 283, 269, 338]",ltee_subpopulations,0.02,557900,9343
99,"[350, 242, 321, 366, 304, 306, 272, 214, 260, 295, 355, 238, 321, 252, 276, 278, 289, 221, 230, 274]",basic_population,0.02,566400,11071
100,"[335, 258, 207, 347, 252, 292, 187, 320, 299, 372, 195, 213, 225, 248, 332, 331, 199, 282, 329, 263]",ltee_population,0.02,548600,8300
101,"[457, 222, 258, 307, 365, 288, 263, 284, 414, 311, 303, 242, 292, 257, 292, 188, 308, 320, 230, 381]",ltee_subpopulations,0.02,598200,9534
102,"[268, 373, 303, 263, 214, 295, 244, 329, 248, 209, 273, 268, 250, 314, 347, 313, 358, 188, 257, 226]",basic_population,0.02,554000,11041
103,"[297, 267, 267, 264, 230, 314, 312, 223, 253, 314, 256, 222, 213, 300, 304, 227, 241, 273, 201, 240]",ltee_population,0.02,521800,8637
104,"[314, 197, 212, 298, 279, 374, 227, 387, 300, 315, 295, 221, 236, 221, 240, 245, 374, 303, 290, 220]",ltee_subpopulations,0.02,554800,9339
105,"[227, 349, 317, 188, 216, 231, 286, 397, 338, 340, 203, 481, 270, 285, 280, 264, 287, 275, 237, 204]",basic_population,0.02,567500,10937
106,"[183, 305, 268, 308, 367, 490, 280, 290, 290, 288, 292, 232, 295, 241, 312, 273, 231, 383, 236, 353]",ltee_population,0.02,591700,9017
107,"[282, 314, 249, 278, 238, 276, 285, 319, 285, 235, 229, 290, 271, 218, 258, 260, 276, 266, 280, 327]",ltee_subpopulations,0.02,543600,9267
108,"[202, 255, 303, 339, 242, 359, 404, 237, 250, 286, 235, 245, 288, 254, 389, 360, 311, 285, 244, 259]",basic_population,0.02,574700,11055
109,"[239, 188, 242, 169, 259, 257, 292, 362, 312, 346, 329, 451, 325, 268, 185, 512, 273, 396, 274, 460]",ltee_population,0.02,613900,9302
110,"[268, 311, 251, 305, 314, 229, 543, 253, 255, 283, 195, 203, 226, 272, 242, 322, 275, 213, 277, 331]",ltee_subpopulations,0.02,556800,9283
111,"[242, 245, 376, 358, 490, 440, 296, 240, 335, 393, 239, 317, 177, 239, 184, 205, 323, 451, 297, 265]",basic_population,0.02,611200,11075
112,"[295, 207, 300, 315, 278, 347, 425, 183, 309, 342, 282, 296, 295, 284, 221, 271, 287, 247, 260, 374]",ltee_population,0.02,581800,8984
113,"[377, 229, 328, 227, 177, 354, 234, 223, 250, 235, 229, 257, 368, 319, 266, 181, 325, 327, 414, 204]",ltee_subpopulations,0.02,552400,8980
114,"[235, 372, 206, 207, 374, 224, 435, 361, 328, 210, 228, 317, 344, 288, 321, 305, 177, 210, 259, 246]",basic_population,0.02,564700,10849
115,"[316, 252, 215, 359, 335, 193, 237, 295, 230, 286, 269, 254, 211, 242, 336, 204, 313, 185, 247, 254]",ltee_population,0.02,523300,8330
116,"[298, 227, 313, 346, 170, 501, 250, 201, 303, 272, 192, 363, 248, 294, 253, 262, 328, 210, 336, 337]",ltee_subpopulations,0.02,570400,9041
117,"[309, 225, 243, 176, 196, 300, 241, 277, 215, 415, 302, 256, 206, 223, 264, 285, 160, 228, 266, 318]",basic_population,0.02,510500,10492
118,"[373, 353, 256, 386, 231, 278, 220, 263, 373, 234, 289, 292, 281, 218, 286, 316, 295, 204, 378, 239]",ltee_population,0.02,576500,9329
119,"[300, 185, 280, 214, 298, 322, 355, 166, 300, 213, 224, 533, 200, 263, 259, 451, 534, 349, 340, 304]",ltee_subpopulations,0.02,609000,9104
120,"[177, 203, 199, 129, 205, 141, 194, 184, 224, 341, 198, 229, 223, 170, 197, 149, 190, 227, 175, 190]",basic_population,0.03,394500,11396
121,"[179, 169, 258, 200, 249, 171, 223, 194, 238, 170, 186, 161, 260, 124, 205, 194, 328, 235, 175, 278]",ltee_population,0.03,419700,9821
122,"[154, 248, 185, 146, 244, 222, 151, 156, 169, 235, 250, 291, 155, 162, 206, 173, 231, 210, 165, 197]",ltee_subpopulations,0.03,395000,10133
123,"[221, 266, 267, 229, 287, 213, 167, 259, 179, 181, 186, 223, 217, 153, 253, 243, 221, 216, 158, 227]",basic_population,0.03,436600,12218
124,"[176, 176, 227, 195, 173, 211, 274, 167, 207, 259, 199, 224, 121, 201, 216, 190, 184, 241, 207, 269]",ltee_population,0.03,411700,9760
125,"[205, 255, 232, 212, 192, 237, 288, 241, 212, 176, 189, 252, 187, 232, 221, 194, 182, 234, 173, 165]",ltee_subpopulations,0.03,427900,10747
126,"[206, 172, 170, 197, 155, 237, 163, 230, 239, 194, 196, 126, 213, 155, 210, 180, 203, 176, 207, 266]",basic_population,0.03,389500,11697
127,"[183, 210, 225, 247, 215, 201, 249, 243, 282, 168, 161, 239, 269, 214, 239, 182, 189, 199, 160, 327]",ltee_population,0.03,440200,10119
128,"[233, 219, 177, 256, 224, 182, 215, 206, 153, 174, 237, 163, 246, 256, 177, 147, 233, 202, 243, 155]",ltee_subpopulations,0.03,409800,10260
129,"[222, 220, 189, 124, 238, 148, 250, 223, 241, 184, 297, 190, 182, 170, 184, 184, 190, 206, 225, 264]",basic_population,0.03,413100,11894
130,"[213, 208, 179, 200, 177, 182, 229, 148, 149, 149, 216, 114, 172, 202, 202, 137, 218, 186, 158, 198]",ltee_population,0.03,363700,9185
131,"[161, 230, 230, 266, 370, 198, 216, 198, 202, 248, 242, 246, 162, 210, 188, 219, 229, 176, 236, 178]",ltee_subpopulations,0.03,440500,10568
132,"[219, 179, 348, 159, 202, 210, 217, 171, 147, 173, 188, 267, 341, 201, 261, 143, 171, 226, 199, 198]",basic_population,0.03,422000,11737
133,"[254, 267, 238, 209, 243, 305, 228, 161, 307, 219, 296, 239, 243, 141, 161, 266, 181, 166, 151, 215]",ltee_population,0.03,449000,10290
134,"[235, 236, 234, 137, 198, 144, 151, 253, 176, 213, 361, 247, 231, 180, 165, 143, 210, 196, 197, 173]",ltee_subpopulations,0.03,408000,10053
135,"[171, 142, 247, 162, 222, 295, 220, 329, 217, 175, 163, 192, 156, 205, 200, 252, 192, 249, 160, 175]",basic_population,0.03,412400,11791
136,"[162, 200, 269, 169, 184, 163, 284, 152, 279, 173, 309, 218, 252, 217, 182, 150, 154, 186, 231, 231]",ltee_population,0.03,416500,9871
137,"[211, 193, 170, 254, 239, 155, 202, 204, 203, 171, 207, 228, 205, 185, 228, 296, 168, 186, 251, 168]",ltee_subpopulations,0.03,412400,10373
138,"[235, 191, 185, 166, 205, 258, 161, 149, 234, 203, 178, 303, 253, 161, 205, 306, 257, 285, 193, 208]",basic_population,0.03,433600,11904
139,"[171, 201, 173, 201, 180, 255, 190, 233, 251, 189, 192, 181, 300, 206, 166, 238, 203, 153, 172, 150]",ltee_population,0.03,400500,9552
140,"[175, 297, 212, 167, 167, 255, 169, 192, 204, 283, 253, 155, 189, 179, 193, 196, 219, 221, 144, 155]",ltee_subpopulations,0.03,402500,10234
141,"[244, 218, 276, 195, 264, 129, 184, 159, 274, 176, 219, 159, 198, 269, 210, 284, 210, 251, 183, 211]",basic_population,0.03,431300,12233
142,"[210, 187, 207, 219, 207, 214, 146, 212, 147, 145, 323, 175, 194, 228, 207, 160, 169, 184, 213, 185]",ltee_population,0.03,393200,9815
143,"[167, 213, 186, 171, 162, 328, 207, 211, 191, 127, 224, 208, 219, 200, 284, 194, 268, 235, 216, 209]",ltee_subpopulations,0.03,422000,10654
144,"[220, 228, 179, 298, 191, 307, 152, 220, 239, 237, 199, 168, 166, 149, 139, 301, 250, 164, 164, 211]",basic_population,0.03,418200,11646
145,"[182, 256, 167, 230, 221, 180, 235, 149, 266, 195, 259, 227, 153, 223, 235, 200, 180, 184, 214, 166]",ltee_population,0.03,412200,9874
146,"[331, 221, 164, 221, 166, 254, 191, 162, 201, 188, 180, 205, 257, 261, 230, 198, 175, 192, 177, 212]",ltee_subpopulations,0.03,418600,10724
147,"[278, 197, 163, 215, 181, 173, 218, 195, 210, 126, 262, 191, 176, 168, 186, 224, 196, 199, 161, 203]",basic_population,0.03,392200,11791
148,"[157, 200, 157, 176, 192, 142, 181, 194, 166, 173, 175, 158, 161, 240, 202, 210, 205, 177, 164, 187]",ltee_population,0.03,361700,8982
149,"[235, 301, 193, 177, 151, 245, 291, 174, 193, 242, 184, 185, 239, 203, 212, 208, 171, 190, 185, 168]",ltee_subpopulations,0.03,414700,10322
150,"[203, 168, 206, 177, 154, 182, 166, 248, 230, 194, 256, 160, 153, 209, 214, 214, 211, 162, 255, 243]",basic_population,0.03,400500,11861
151,"[166, 172, 172, 207, 234, 246, 307, 178, 172, 268, 160, 151, 206, 277, 306, 238, 226, 207, 199, 237]",ltee_population,0.03,432900,10559
152,"[188, 167, 150, 222, 298, 205, 161, 219, 223, 172, 191, 178, 274, 219, 216, 161, 194, 246, 214, 200]",ltee_subpopulations,0.03,409800,10435
153,"[181, 150, 209, 212, 186, 262, 255, 191, 162, 182, 217, 202, 183, 150, 167, 197, 210, 208, 191, 223]",basic_population,0.03,393800,11716
154,"[226, 179, 197, 124, 210, 231, 181, 188, 180, 259, 213, 261, 216, 291, 290, 246, 200, 178, 210, 146]",ltee_population,0.03,422600,9703
155,"[200, 174, 368, 284, 218, 223, 207, 138, 227, 247, 202, 206, 161, 218, 241, 215, 252, 278, 181, 157]",ltee_subpopulations,0.03,439700,10604
156,"[240, 190, 246, 146, 281, 235, 246, 233, 133, 224, 157, 170, 178, 211, 154, 321, 147, 205, 154, 169]",basic_population,0.03,404000,11793
157,"[203, 233, 182, 186, 150, 161, 243, 170, 204, 187, 147, 240, 205, 174, 189, 230, 166, 223, 159, 178]",ltee_population,0.03,383000,9767
158,"[226, 164, 240, 204, 241, 282, 176, 193, 214, 204, 216, 143, 151, 190, 158, 173, 236, 277, 218, 308]",ltee_subpopulations,0.03,421400,10592
159,"[197, 237, 244, 166, 204, 171, 154, 170, 223, 226, 237, 201, 245, 265, 165, 290, 178, 159, 140, 232]",basic_population,0.03,410400,11646
160,"[208, 178, 176, 205, 184, 187, 177, 162, 225, 200, 164, 154, 198, 173, 154, 161, 246, 187, 170, 213]",ltee_population,0.03,372200,9293
161,"[207, 214, 174, 169, 230, 190, 194, 220, 165, 174, 156, 206, 162, 173, 178, 247, 213, 150, 259, 218]",ltee_subpopulations,0.03,389900,10114
162,"[164, 233, 164, 165, 180, 355, 243, 212, 197, 159, 207, 346, 193, 150, 175, 166, 163, 215, 211, 222]",basic_population,0.03,412000,11775
163,"[251, 210, 185, 150, 201, 204, 182, 299, 180, 261, 205, 189, 214, 221, 192, 217, 169, 197, 156, 196]",ltee_population,0.03,407900,9835
164,"[181, 422, 241, 186, 168, 162, 152, 233, 141, 195, 151, 206, 211, 294, 296, 192, 204, 255, 179, 221]",ltee_subpopulations,0.03,429000,10261
165,"[164, 169, 197, 207, 166, 197, 196, 166, 222, 202, 297, 202, 284, 320, 157, 217, 142, 191, 235, 231]",basic_population,0.03,416200,11663
166,"[213, 173, 220, 174, 252, 176, 170, 210, 179, 152, 176, 158, 208, 304, 173, 252, 172, 202, 216, 262]",ltee_population,0.03,404200,9442
167,"[291, 209, 171, 216, 407, 145, 226, 207, 233, 194, 206, 201, 241, 186, 217, 171, 225, 152, 153, 256]",ltee_subpopulations,0.03,430700,10301
168,"[225, 227, 202, 201, 176, 123, 240, 252, 182, 205, 218, 226, 180, 187, 299, 172, 213, 202, 233, 182]",basic_population,0.03,414500,11932
169,"[199, 220, 264, 182, 181, 207, 267, 206, 190, 203, 221, 164, 228, 192, 162, 166, 254, 280, 165, 226]",ltee_population,0.03,417700,9979
170,"[260, 154, 289, 261, 249, 204, 390, 242, 245, 216, 179, 165, 196, 174, 210, 161, 203, 201, 213, 201]",ltee_subpopulations,0.03,441300,10613
171,"[221, 219, 172, 228, 205, 184, 234, 269, 171, 139, 251, 220, 217, 322, 170, 154, 158, 156, 317, 213]",basic_population,0.03,422000,11752
172,"[162, 176, 175, 195, 215, 196, 242, 334, 177, 199, 213, 247, 232, 228, 228, 251, 166, 181, 214, 229]",ltee_population,0.03,426000,9894
173,"[213, 218, 162, 173, 271, 253, 237, 222, 275, 178, 294, 193, 227, 149, 277, 177, 336, 243, 155, 174]",ltee_subpopulations,0.03,442700,10527
174,"[239, 168, 222, 153, 195, 210, 170, 216, 245, 233, 246, 148, 227, 198, 285, 214, 254, 260, 225, 277]",basic_population,0.03,438500,12258
175,"[292, 209, 194, 166, 177, 173, 196, 179, 236, 222, 307, 239, 194, 179, 249, 228, 206, 184, 172, 242]",ltee_population,0.03,424400,10006
176,"[192, 231, 218, 200, 237, 155, 309, 211, 235, 209, 184, 186, 256, 215, 167, 189, 208, 226, 211, 158]",ltee_subpopulations,0.03,419700,10672
177,"[229, 197, 173, 180, 202, 234, 202, 193, 246, 165, 172, 288, 187, 168, 225, 254, 229, 235, 228, 191]",basic_population,0.03,419800,11834
178,"[194, 276, 304, 298, 144, 182, 153, 213, 161, 198, 182, 212, 151, 212, 242, 204, 138, 167, 162, 170]",ltee_population,0.03,396300,9530
179,"[161, 193, 206, 314, 163, 178, 234, 175, 282, 214, 172, 228, 200, 248, 187, 167, 173, 177, 252, 189]",ltee_subpopulations,0.03,411300,10345
180,"[154, 146, 226, 152, 157, 121, 157, 201, 141, 160, 135, 184, 163, 136, 218, 158, 215, 171, 159, 181]",basic_population,0.04,333500,12863
181,"[173, 199, 148, 182, 264, 235, 156, 130, 178, 195, 176, 158, 165, 181, 228, 255, 171, 151, 189, 177]",ltee_population,0.04,371100,11191
182,"[160, 210, 177, 169, 175, 147, 248, 117, 207, 166, 189, 169, 134, 119, 147, 133, 140, 164, 158, 193]",ltee_subpopulations,0.04,332200,11229
183,"[157, 132, 176, 163, 227, 150, 153, 127, 131, 134, 187, 190, 205, 181, 130, 148, 179, 174, 234, 148]",basic_population,0.04,332600,12527
184,"[184, 166, 138, 163, 211, 177, 173, 141, 144, 207, 155, 189, 162, 162, 182, 159, 147, 153, 156, 242]",ltee_population,0.04,341100,11169
185,"[178, 147, 265, 193, 120, 121, 161, 222, 166, 166, 136, 157, 150, 154, 198, 132, 170, 128, 177, 156]",ltee_subpopulations,0.04,329700,10964
186,"[120, 114, 164, 146, 145, 147, 122, 227, 257, 156, 111, 136, 153, 176, 110, 167, 185, 143, 198, 218]",basic_population,0.04,319500,12392
187,"[207, 167, 162, 137, 137, 192, 170, 157, 188, 157, 155, 166, 209, 173, 209, 133, 129, 226, 153, 142]",ltee_population,0.04,336900,10900
188,"[158, 141, 170, 142, 146, 173, 157, 150, 140, 185, 179, 198, 136, 135, 136, 161, 195, 194, 143, 132]",ltee_subpopulations,0.04,317100,11077
189,"[170, 171, 154, 150, 219, 153, 178, 163, 158, 211, 148, 183, 128, 156, 142, 139, 138, 152, 132, 148]",basic_population,0.04,319300,12755
190,"[178, 166, 184, 180, 181, 132, 208, 147, 136, 164, 186, 182, 181, 143, 121, 157, 169, 155, 199, 132]",ltee_population,0.04,330100,10917
191,"[166, 208, 157, 157, 212, 151, 213, 148, 130, 134, 188, 158, 135, 185, 196, 175, 170, 139, 196, 227]",ltee_subpopulations,0.04,344500,11553
192,"[228, 173, 167, 171, 176, 167, 164, 207, 195, 165, 152, 175, 125, 167, 146, 200, 149, 215, 163, 186]",basic_population,0.04,349100,12919
193,"[207, 180, 131, 205, 145, 157, 179, 166, 150, 193, 126, 153, 190, 139, 207, 150, 182, 162, 157, 151]",ltee_population,0.04,333000,10469
194,"[181, 160, 242, 173, 154, 236, 179, 143, 141, 168, 141, 167, 150, 143, 145, 147, 188, 133, 173, 161]",ltee_subpopulations,0.04,332500,11088
195,"[178, 149, 133, 189, 170, 150, 182, 179, 179, 192, 142, 171, 133, 127, 137, 127, 177, 140, 147, 122]",basic_population,0.04,312400,12233
196,"[165, 142, 164, 174, 215, 176, 232, 234, 124, 153, 166, 106, 197, 135, 168, 180, 195, 157, 163, 192]",ltee_population,0.04,343800,10603
197,"[149, 145, 136, 159, 152, 170, 155, 219, 222, 173, 165, 165, 140, 153, 159, 155, 113, 132, 162, 186]",ltee_subpopulations,0.04,321000,11151
198,"[142, 143, 188, 195, 180, 189, 132, 151, 146, 208, 173, 185, 142, 196, 146, 158, 228, 151, 188, 211]",basic_population,0.04,345200,12903
199,"[159, 179, 157, 131, 165, 150, 130, 197, 157, 242, 127, 117, 171, 184, 149, 210, 315, 121, 145, 119]",ltee_population,0.04,332500,10418
200,"[180, 141, 140, 174, 151, 185, 198, 176, 169, 209, 139, 139, 144, 173, 191, 118, 206, 187, 184, 141]",ltee_subpopulations,0.04,334500,11117
201,"[218, 145, 249, 178, 116, 183, 165, 144, 175, 167, 193, 139, 145, 166, 200, 242, 218, 124, 184, 175]",basic_population,0.04,352600,13310
202,"[165, 199, 139, 137, 178, 137, 161, 173, 146, 171, 171, 154, 124, 122, 131, 124, 157, 212, 151, 189]",ltee_population,0.04,314100,10255
203,"[137, 124, 178, 126, 160, 228, 199, 197, 222, 141, 196, 136, 187, 184, 217, 145, 181, 145, 223, 141]",ltee_subpopulations,0.04,346700,11393
204,"[124, 148, 153, 214, 206, 154, 168, 210, 158, 126, 202, 179, 144, 131, 188, 204, 192, 205, 144, 184]",basic_population,0.04,343400,12907
205,"[128, 193, 169, 194, 223, 154, 118, 164, 177, 137, 171, 161, 158, 211, 132, 138, 206, 182, 144, 191]",ltee_population,0.04,335100,10996
206,"[199, 165, 178, 167, 148, 175, 197, 169, 171, 141, 173, 228, 176, 222, 160, 146, 142, 179, 151, 165]",ltee_subpopulations,0.04,345200,11616
207,"[174, 161, 135, 138, 191, 113, 146, 210, 155, 244, 202, 168, 149, 152, 228, 180, 191, 210, 149, 176]",basic_population,0.04,347200,12931
208,"[149, 146, 140, 156, 240, 177, 185, 184, 232, 147, 164, 158, 145, 153, 153, 189, 140, 166, 231, 214]",ltee_population,0.04,346900,11168
209,"[152, 197, 175, 157, 158, 190, 263, 165, 198, 161, 191, 155, 270, 186, 159, 230, 154, 152, 180, 241]",ltee_subpopulations,0.04,373400,12028
210,"[151, 141, 120, 168, 163, 173, 248, 252, 180, 153, 152, 216, 202, 130, 187, 206, 204, 205, 177, 176]",basic_population,0.04,360400,13086
211,"[157, 179, 166, 151, 190, 185, 141, 156, 149, 143, 156, 280, 211, 247, 164, 149, 144, 178, 218, 156]",ltee_population,0.04,352000,11243
212,"[270, 149, 167, 112, 133, 148, 201, 185, 157, 139, 219, 142, 172, 131, 151, 163, 142, 129, 159, 228]",ltee_subpopulations,0.04,329700,11134
213,"[133, 182, 181, 131, 136, 174, 188, 155, 142, 198, 224, 125, 155, 175, 175, 173, 134, 154, 194, 187]",basic_population,0.04,331600,12696
214,"[164, 149, 148, 171, 185, 142, 209, 166, 225, 210, 169, 179, 164, 142, 130, 213, 140, 156, 150, 227]",ltee_population,0.04,343900,10708
215,"[146, 112, 145, 179, 205, 232, 155, 153, 172, 203, 245, 122, 124, 145, 141, 166, 254, 138, 118, 158]",ltee_subpopulations,0.04,331300,11121
216,"[141, 175, 146, 149, 144, 139, 154, 153, 131, 159, 163, 149, 170, 185, 115, 175, 283, 105, 126, 150]",basic_population,0.04,311200,12232
217,"[122, 170, 173, 166, 153, 165, 124, 131, 140, 161, 158, 138, 175, 149, 200, 208, 156, 162, 156, 172]",ltee_population,0.04,317900,10112
218,"[147, 144, 297, 170, 154, 178, 199, 188, 166, 195, 197, 133, 150, 181, 189, 145, 156, 164, 141, 130]",ltee_subpopulations,0.04,342400,11467
219,"[191, 151, 147, 122, 155, 143, 171, 142, 173, 213, 127, 214, 220, 157, 180, 142, 172, 127, 133, 186]",basic_population,0.04,326600,12899
220,"[122, 169, 191, 168, 189, 134, 168, 145, 126, 162, 173, 181, 199, 175, 135, 153, 173, 148, 163, 212]",ltee_population,0.04,328600,10963
221,"[158, 154, 157, 153, 154, 210, 131, 149, 186, 188, 166, 148, 193, 111, 183, 153, 167, 294, 210, 145]",ltee_subpopulations,0.04,341000,11075
222,"[159, 128, 171, 169, 156, 202, 179, 138, 208, 179, 124, 258, 108, 199, 201, 133, 193, 191, 162, 187]",basic_population,0.04,344500,13022
223,"[152, 139, 144, 131, 153, 192, 151, 173, 212, 161, 190, 167, 155, 118, 142, 181, 175, 122, 192, 240]",ltee_population,0.04,329000,10334
224,"[144, 167, 142, 119, 168, 145, 128, 192, 182, 148, 158, 132, 163, 182, 134, 176, 221, 143, 153, 171]",ltee_subpopulations,0.04,316800,10893
225,"[143, 155, 162, 171, 179, 128, 187, 176, 166, 213, 200, 138, 146, 122, 175, 190, 176, 235, 165, 158]",basic_population,0.04,338500,12733
226,"[140, 150, 199, 177, 163, 209, 142, 126, 362, 137, 137, 143, 144, 131, 132, 234, 163, 123, 143, 141]",ltee_population,0.04,329600,10388
227,"[203, 137, 189, 176, 158, 127, 139, 196, 125, 169, 190, 204, 170, 136, 158, 144, 169, 162, 205, 209]",ltee_subpopulations,0.04,336600,11343
228,"[128, 183, 122, 154, 187, 206, 149, 166, 150, 193, 135, 160, 161, 162, 148, 185, 189, 186, 209, 180]",basic_population,0.04,335300,12979
229,"[171, 136, 167, 147, 184, 149, 165, 137, 140, 259, 179, 146, 159, 198, 139, 157, 144, 218, 142, 146]",ltee_population,0.04,328300,10624
230,"[161, 173, 160, 176, 138, 233, 146, 128, 233, 196, 142, 164, 167, 134, 136, 187, 252, 156, 164, 163]",ltee_subpopulations,0.04,340900,11162
231,"[230, 162, 132, 132, 143, 168, 130, 174, 258, 140, 180, 159, 210, 164, 155, 141, 220, 122, 153, 203]",basic_population,0.04,337600,12859
232,"[205, 197, 122, 158, 283, 171, 176, 200, 140, 374, 121, 201, 207, 163, 144, 139, 116, 124, 155, 159]",ltee_population,0.04,355500,10424
233,"[201, 158, 158, 157, 147, 192, 122, 189, 194, 152, 195, 179, 206, 221, 181, 146, 173, 131, 152, 204]",ltee_subpopulations,0.04,345800,11744
234,"[126, 177, 160, 170, 198, 195, 173, 257, 162, 161, 138, 147, 135, 220, 155, 140, 200, 229, 151, 134]",basic_population,0.04,342800,12923
235,"[182, 153, 131, 248, 269, 182, 153, 143, 144, 170, 185, 174, 145, 208, 184, 152, 136, 198, 153, 145]",ltee_population,0.04,345500,11167
236,"[142, 182, 224, 187, 167, 173, 132, 171, 167, 177, 157, 164, 147, 214, 153, 166, 142, 178, 128, 184]",ltee_subpopulations,0.04,335500,11514
237,"[152, 140, 197, 188, 161, 145, 139, 211, 151, 190, 137, 186, 135, 221, 242, 118, 156, 213, 162, 141]",basic_population,0.04,338500,12811
238,"[178, 183, 163, 258, 229, 118, 194, 152, 213, 111, 169, 150, 166, 133, 193, 156, 136, 186, 173, 145]",ltee_population,0.04,340600,10405
239,"[155, 145, 143, 258, 157, 139, 145, 217, 209, 225, 203, 145, 212, 164, 169, 157, 138, 126, 180, 182]",ltee_subpopulations,0.04,346900,11719
